metric_name,metric_desc,metric_code,unit_code,focus_code,esg_code
online_ad_impressions_targeted,Percentage of online advertising impressions that are targeted to custom audiences,1,1,1,1
monetary_losses_consumer_privacy,Total amount of monetary losses as a result of legal proceedings associated with consumer privacy,2,2,2,1
monetary_losses_false_advertising,"Total amount of monetary losses as a result of legal proceedings associated with false, deceptive, or unfair advertising",3,2,2,1
campaigns_reviewed_asrc_compliance,"Percentage of campaigns reviewed for adherence with the Advertising Self-Regulatory Council (ASRC) procedures, percentage of those in compliance",4,1,2,1
campaigns_alcohol_tobacco_promo,Percentage of campaigns that promote alcohol or tobacco products,5,1,1,1
gender_racial_representation_employees,"Percentage of gender and racial/ethnic group representation for (1) management, (2) professionals, and (3) all other employees 3",6,3,3,2
median_ad_marketing_reach,Median reach of advertisements and marketing campaigns,7,4,1,1
ad_exposures_number,Number of exposures to advertisements or marketing campaigns,8,4,1,1
median_exposure_frequency,Median frequency of exposures,9,4,1,1
number_of_employees,Number of employees,10,4,3,2
total_energy_consumed,"(1) Total energy consumed, (2) percentage grid electricity and (3) percentage renewable",11,5,4,3
hazardous_waste_generated,"Amount of hazardous waste generated, percentage recycled",12,6,5,3
reportable_spills_quantity,"Number and aggregate quantity of reportable spills, quantity recovered",13,7,1,1
data_breaches_confidential,"(1) Number of data breaches, (2) percentage involving confidential information",14,8,6,2
recalls_issued_total,"Number of recalls issued, total units recalled",15,4,1,1
counterfeit_parts_detected,"Number of counterfeit parts detected, percentage avoided",16,8,1,1
airworthiness_directives_total,"Number of Airworthiness Directives received, total units affected",17,4,1,1
monetary_losses_product_safety,Total amount of monetary losses as a result of legal proceedings associated with product safety,18,2,7,2
revenue_alternative_energy,Revenue from alternative energy-related products,19,2,4,3
gross_scope1_emissions,Gross global Scope 1 emissions,20,9,5,3
fleet_fuel_consumed_renewable,"Fleet fuel consumed, percentage renewable",21,5,1,1
operational_energy_consumed_grid_renewable,"(1) Operational energy consumed, (2) percentage grid electricity and (3) percentage renewable",22,5,4,3
total_water_withdrawn_consumed_high_water_stress,"(1) Total water withdrawn, (2) total water consumed; percentage of each in regions with High or Extremely High Baseline Water Stress",23,10,4,3
non_compliance_water_quality_permits,"Number of incidents of non-compliance associated with water quality permits, standards and regulations",24,4,4,3
gfsi_audit_non_conformance_corrective_action,Global Food Safety Initiative (GFSI) audit (1) non-conformance rate and (2) associated corrective action rate for (a) major and (b) minor non-conformances,25,11,7,2
agricultural_products_sourced_gfsi_certified,Percentage of agricultural products sourced from suppliers certified to a Global Food Safety Initiative (GFSI) recognised food safety certification program,26,12,7,2
recalls_issued_food_product_recalled,(1) Number of recalls issued and (2) total amount of food product recalled,27,13,1,1
trir_fatality_nmfr_direct_seasonal_migrant,"(1) Total recordable incident rate (TRIR), (2) fatality rate, and (3) near miss frequency rate (NMFR) for (a) direct employees and (b) seasonal and migrant employees",28,11,3,2
agricultural_products_sourced_third_party_certified,"Percentage of agricultural products sourced that are certified to a third-party environmental and/or social standard, and percentages by standard",29,12,1,1
suppliers_audit_non_con,Suppliers’ social and environmental responsibility audit (1) non-conformance rate and (2) associated corrective action rate for (a) major and (b) minor non-conformances,30,11,8,1
agri_water_stress,Percentage of agricultural products sourced from regions with High or Extremely High Baseline Water Stress,31,12,4,3
crop_production,Production by principal crop,32,14,1,1
processing_facilities,Number of processing facilities,33,4,1,1
land_area_production,Total land area under active production,34,15,1,1
cost_ext_agri_prod,Cost of agricultural products sourced externally,35,2,1,1
fuel_consumption_road_ng_renew_air_alt_sust,"Fuel consumed by (1) road transport, percentage (a) natural gas and (b) renewable, and (2) air transport, percentage (a) alternative and (b) sustainable",36,5,1,1
air_emissions_NOx_SOx_PM10,"Air emissions of the following pollutants: (1) NO_{x} (excluding N_{2} O), (2) SO_{x} , and (3) particulate matter (PM_{10} )",37,14,5,3
drivers_ind_contractors,Percentage of drivers classified as independent contractors,38,3,1,1
monetary_losses_labour_law,Total amount of monetary losses as a result of legal proceedings associated with labour law violations,39,2,2,1
incident_fatality_rate_emp_contractors,(1) Total recordable incident rate (TRIR) and (2) fatality rate for (a) direct employees and (b) contract employees,40,11,3,2
carriers_above_threshold,Percentage of carriers with BASIC percentiles above the FMCSA intervention threshold,41,3,1,1
ghg_footprint_transport,Total greenhouse gas (GHG) footprint across transport modes,42,16,1,1
aviation_accidents,Number of aviation accidents,43,4,1,1
road_accidents_incidents,Number of road accidents and incidents,44,4,1,1
safety_measurement_system_basic,"Safety Measurement System BASIC percentiles for: (1) Unsafe Driving, (2) Hours-of-Service Compliance, (3) Driver Fitness, (4) Controlled Substances/Alcohol, (5) Vehicle Maintenance, and (6) Hazardous Materials Compliance",45,17,4,3
revenue_ton_km_transport,Revenue ton kilometres (RTK) for: (1) road transport and (2) air transport,46,18,1,1
load_factor_transport,Load factor for: (1) road transport and (2) air transport,47,11,1,1
employees_truck_drivers,"Number of employees, number of truck drivers",48,4,3,2
total_fuel_consumed_alternative_sustainable,"(1) Total fuel consumed, (2) percentage alternative and (3) percentage sustainable",49,5,1,1
active_workforce_collective_bargaining,Percentage of active workforce covered under collective bargaining agreements,50,3,3,2
work_stoppages_total_days_idle,(1) Number of work stoppages and (2) total days idle,51,19,1,1
monetary_losses_anti_competitive_behavior,Total amount of monetary losses as a result of legal proceedings associated with anti-competitive behaviour regulations,52,2,6,2
governmental_enforcement_actions_aviation_safety,Number of governmental enforcement actions of aviation safety regulations,53,4,7,2
available_seat_kilometres_ask,Available seat kilometres (ASK),54,20,1,1
passenger_load_factor,Passenger load factor,55,11,1,1
revenue_passenger_kilometres_rpk,Revenue passenger kilometres (RPK),56,21,1,1
advertising_impressions_legal_drinking_age,Percentage of total advertising impressions made on individuals at or above the legal drinking age,57,3,2,1
non_compliance_labelling_marketing_codes,Number of incidents of non-compliance with industry or regulatory labelling and/or marketing codes,58,4,2,1
monetary_losses_marketing_labelling_practices,Total amount of monetary losses as a result of legal proceedings associated with marketing and/or labelling practices,59,2,2,1
packaging_weight_recycled_renewable,"(1) Total weight of packaging, (2) percentage made from recycled and/or renewable materials, and (3) percentage that is recyclable, reusable, and/or compostable",60,6,4,3
bev_ingred_source_water_stress,Percentage of beverage ingredients sourced from regions with High or Extremely High Baseline Water Stress,61,12,4,3
supplier_compliance_wastewater,Percentage of (1) Tier 1 supplier facilities and (2) supplier facilities beyond Tier 1 in compliance with wastewater discharge permits and/or contractual agreement,62,3,4,3
supplier_compliance_higg_fem,Percentage of (1) Tier 1 supplier facilities and (2) supplier facilities beyond Tier 1 that have completed the Sustainable Apparel Coalition’s Higg Facility Environmental Module (Higg FEM) assessment or an equivalent environmental data assessment,63,3,8,1
supplier_audit_labour_code,"Percentage of (1) Tier 1 supplier facilities and (2) supplier facilities beyond Tier 1 that have been audited to a labour code of conduct, (3) percentage of total audits conducted by a third-party auditor",64,3,8,1
nonconformance_corrective_action,Priority non-conformance rate and associated corrective action rate for suppliers’ labour code of conduct audits,65,11,8,1
raw_material_certified_standard,"(1) Amount of priority raw materials purchased, by material, and (2) amount of each priority raw material that is certified to a third-party environmental or social standard, by standard",66,14,4,3
recalls_issued_units,Number of (1) recalls issued and (2) total units recalled,67,4,1,1
products_certified_energy_efficiency,Percentage of eligible products by revenue certified to an energy efficiency certification,68,1,4,3
products_certified_lifecycle_standard,Percentage of eligible products by revenue certified to an environmental product lifecycle standard,69,1,1,1
annual_production,Annual production,70,22,1,1
covered_employees_investigations,"(1) Number and (2) percentage of covered employees with a record of investment-related investigations, consumer-initiated complaints, private civil litigations, or other regulatory proceedings",71,8,3,2
monetary_losses_legal_proceedings,Total amount of monetary losses as a result of legal proceedings associated with marketing and communication of financial product-related information to new and returning customers,72,2,2,1
gender_racial_representation_management_employees,"Percentage of gender and racial/ethnic group representation for (1) executive management, (2) non-executive management, (3) professionals, and (4) all other employees",73,3,3,2
assets_under_management_esg_sustainability_screening,"Amount of assets under management, by asset class, that employ (1) integration of environmental, social, and governance (ESG) issues, (2) sustainability themed investing and (3) screening",74,2,1,1
gross_financed_emissions_scope_1_2_3,"Absolute gross financed emissions, disaggregated by (1) Scope 1, (2) Scope 2 and (3) Scope 3",75,9,5,3
aum_included_financed_emissions_disclosure,Total amount of assets under management (AUM) included in the financed emissions disclosure,76,2,5,3
aum_included_financed_emissions_calculation,Percentage of total assets under management (AUM) included in the financed emissions calculation,77,3,5,3
waste_manufacturing_hazardous_recycled,"(1) Total amount of waste from manufacturing, (2) percentage hazardous, (3) percentage recycled",78,6,5,3
revenue_fuel_efficiency_emissions_reduction,Revenue from products designed to increase fuel efficiency or reduce emissions,79,2,4,3
products_sold_recyclable,Percentage of products sold that are recyclable,80,3,1,1
recycled_input_materials,Percentage of input materials from recycled or remanufactured content,81,3,4,3
parts_produced,Number of parts produced,82,4,1,1
parts_weight,Weight of parts produced,83,14,1,1
manufacturing_plant_area,Area of manufacturing plants,84,23,1,1
5star_safety_rating,"Percentage of vehicle models rated by NCAP programs with an overall 5-star safety rating, by region",85,3,7,2
safety_defect_complaints,"Number of safety-related defect complaints, percentage investigated",86,8,7,2
vehicles_recalled,Number of vehicles recalled,87,4,1,1
fleet_fuel_economy,"Sales-weighted average passenger fleet fuel economy, by region",88,24,1,1
zev_hybrid_sales,"Number of (1) zero emission vehicles (ZEV), (2) hybrid vehicles and (3) plug-in hybrid vehicles sold",89,4,5,3
manufacturing_waste_recycled,"Total amount of waste from manufacturing, percentage recycled",90,6,5,3
end_of_life_material_recycled,"Weight of end-of-life material recovered, percentage recycled",91,6,4,3
vehicle_recyclability_sold,Average recyclability of vehicles sold,92,25,1,1
vehicles_manufactured,Number of vehicles manufactured,93,4,1,1
air_emissions_no_x_so_x_vocs_pm10_haps,"Air emissions of the following pollutants: (1) NO_{x} (excluding N_{2} O), (2) SO_{x} , (3) volatile organic compounds (VOCs), (4) particulate matter (PM_{10} ), and (5) hazardous air pollutants (HAPs)",94,14,5,3
non_compliance_incidents_air_quality,"Number of incidents of non-compliance associated with air quality permits, standards, and regulations",95,4,6,2
lifecycle_ghg_emissions_biofuel,"Lifecycle greenhouse gas (GHG) emissions, by biofuel type",96,26,5,3
certified_biofuel_production_percentage,Percentage of biofuel production third-party certified to an environmental sustainability standard,97,27,1,1
government_subsidies_received,Amount of subsidies received through government programmes,98,2,1,1
process_safety_incidents_rates,"Process Safety Incidents Count (PSIC), Process Safety Total Incident Rate (PSTIR), and Process Safety Incident Severity Rate (PSISR)",99,28,7,2
biofuel_production_capacity,Biofuel production capacity,100,29,1,1
renewable_fuel_production,"Production of: (1) renewable fuel, (2) advanced biofuel, (3) biodiesel, and (4) cellulosic biofuel",101,29,1,1
feedstock_consumption,Amount of feedstock consumed in production,102,14,1,1
fda_sponsor_inspections,Number of FDA Sponsor Inspections related to clinical trial management and pharmacovigilance that resulted in: (1) Voluntary Action Indicated (VAI) and (2) Official Action Indicated (OAI),103,4,1,1
legal_losses_clinical_trials,Total amount of monetary losses as a result of legal proceedings associated with clinical trials in developing countries 1,104,2,2,1
anda_litigation_settlements,Number of settlements of Abbreviated New Drug Application (ANDA) litigation that involved payments and/or provisions to delay bringing an authorised generic product to market for a defined time period,105,4,1,1
price_change_portfolio,Percentage change in: (1) average list price and (2) average net price across U.S. product portfolio compared to previous year,106,3,1,1
price_change_largest_product,Percentage change in: (1) list price and (2) net price of product with largest increase compared to previous year,107,3,1,1
fatalities_reported_products,Number of fatalities associated with products as reported in the FDA Adverse Event Reporting System,108,4,1,1
product_disposal_amount,"Total amount of product accepted for take-back, reuse, or disposal",109,14,1,1
fda_enforcement_actions,"Number of FDA enforcement actions taken in response to violations of current Good Manufacturing Practices (cGMP), by type",110,4,1,1
raids_seizures_arrests_counterfeit,"Number of actions that led to raids, seizure, arrests, and/or filing of criminal charges related to counterfeit products",111,4,1,1
monetary_losses_false_marketing,Total amount of monetary losses as a result of legal proceedings associated with false marketing claims,112,2,2,1
turnover_rate_executives_managers_professionals,"(1) Voluntary and (2) involuntary turnover rate for: (a) executives/senior managers, (b) mid-level managers, (c) professionals, and (d) all others",113,11,1,1
facilities_suppliers_audit_integrity,Percentage of (1) entity's facilities and (2) Tier I suppliers' facilities participating in the Rx-360 International Pharmaceutical Supply Chain Consortium audit program or equivalent third-party audit programs for integrity of supply chain and ingredients,114,3,8,1
monetary_losses_corruption_bribery,Total amount of monetary losses as a result of legal proceedings associated with corruption and bribery,115,2,2,1
voc_emissions_content_standards,Percentage of eligible products meeting volatile organic compound (VOC) emissions and content standards,116,1,5,3
sust_perf_recov_rate,"(1) Weight of end-of-life material recovered, (2) percentage of recovered materials recycled",117,30,4,3
wood_fibre_purchased_certified_standards,"(1) Total weight of wood fibre materials purchased, (2) percentage from third-party certified forestlands, (3) percentage by standard and (4) percentage certified to other wood fibre standards, (5) percentage by standard",118,30,4,3
manufacturing_facilities_area,Area of manufacturing facilities,119,23,1,1
fleet_vehicles_safety_rating,"Percentage of rental fleet vehicles rated by NCAP programs with an overall 5-star safety rating, by region",120,3,7,2
rent_day_wtd_avg_fuel_econ_by_region,"Rental day-weighted average rental fleet fuel economy, by region",121,24,1,1
fleet_utilisation_rate,Fleet utilisation rate,122,11,1,1
avg_vehicle_age,Average vehicle age,123,31,1,1
total_avail_rental_days,Total available rental days,124,32,1,1
avg_rent_fleet_size,Average rental fleet size,125,33,1,1
gaming_facilities_responsible_gambling_index,Percentage of gaming facilities that implement the Responsible Gambling Index,126,1,1,1
online_gaming_ncpg_internet_responsible_gambling,Percentage of online gaming operations that implement the National Council on Problem Gambling (NCPG) Internet Responsible Gambling Standards,127,1,1,1
gaming_floor_smoking_allowed,Percentage of gaming floor where smoking is allowed,128,34,1,1
gaming_staff_smoking_allowed,Percentage of gaming staff who work in areas where smoking is allowed,129,35,1,1
monetary_losses_money_laundering,Total amount of monetary losses as a result of legal proceedings associated with money laundering,130,2,2,1
num_tables,Number of tables,131,4,1,1
num_slots,Number of slots,132,4,1,1
num_active_gamers,Number of active online gaming customers,133,4,1,1
gaming_floor_area,Total area of gaming floor,134,23,1,1
ghg_scope1_emissions,"Gross global Scope 1 emissions, percentage covered under emissions-limiting regulations",135,36,5,3
air_pollutants_emissions,"Air emissions of the following pollutants: (1) NO_{X} (excluding N_{2} O), (2) SO_{X} , (3) volatile organic compounds (VOCs), and (4) hazardous air pollutants (HAPs)",136,14,5,3
energy_acct_sustainability_metrics,"(1) Total energy consumed, (2) percentage grid electricity, (3) percentage renewable and (4) total self-generated energy",137,5,4,3
revenue_resource_efficiency,Revenue from products designed for use-phase resource efficiency,138,2,4,3
waste_generated,Total weight of non-mineral waste generated,139,14,5,3
tailings_produced,Total weight of tailings produced,140,14,1,1
waste_rock_generated,Total weight of waste rock generated,141,14,5,3
haz_waste_metric,Total weight of hazardous waste generated,142,14,5,3
hazardous_waste_recycled,Total weight of hazardous waste recycled,143,14,5,3
incidents_hazardous_waste,Number of significant incidents associated with hazardous waste management,144,4,5,3
acid_rock_drainage_mine,"Percentage of mine sites where acid rock drainage is: (1) predicted to occur, (2) actively mitigated, and (3) under treatment or remediation",145,3,1,1
reserves_protected_habitat,Percentage of (1) proved and (2) probable reserves in or near sites with protected conservation status or endangered species habitat,146,3,4,3
reserves_indigenous_land,Percentage of (1) proved and (2) probable reserves in or near indigenous land,147,3,1,1
non_tech_delays,Number and duration of non-technical delays,148,37,1,1
workforce_collective_bargaining,"Percentage of active workforce covered under collective bargaining agreements, broken down by U.S. and foreign employees",149,3,3,2
strikes_lockouts,Number and duration of strikes and lockouts,150,37,1,1
msha_all_incidence_rate,"(1) MSHA All-Incidence rate, (2) fatality rate, and (3) near miss frequency rate (NMFR)",151,11,1,1
coal_reserve_sensitivity,Sensitivity of coal reserve levels to future price projection scenarios that account for a price on carbon emissions,152,38,5,3
co2e_proven_reserves,Estimated carbon dioxide emissions embedded in proven coal reserves,153,9,5,3
tailings_storage_facility,"Tailings storage facility inventory table: (1) facility name, (2) location, (3) ownership status, (4) operational status, (5) construction method, (6) maximum permitted storage capacity, (7) current amount of tailings stored, (8) consequence classification, (9) date of most recent independent technical review, (10) material findings, (11) mitigation measures, (12) site-specific EPRP",154,39,4,3
thermal_coal_production,Production of thermal coal,155,38,1,1
metallurgical_coal_production,Production of metallurgical coal,156,38,1,1
data_breaches_pii,"(1) Number of data breaches, (2) percentage involving personally identifiable information (PII), (3) number of account holders affected",157,8,6,2
loans_outstanding_promotion,(1) Number and (2) amount of loans outstanding qualified to programs designed to promote small business and community development,158,40,9,2
past_due_loans_promotion,(1) Number and (2) amount of past due and nonaccrual loans qualified to programs designed to promote small business and community development,159,40,9,2
retail_checking_accounts,Number of no-cost retail checking accounts provided to previously unbanked or underbanked customers,160,4,1,1
participants_financial_literacy,"Number of participants in financial literacy initiatives for unbanked, underbanked, or underserved customers",161,4,1,1
gross_exposure_by_asset,Gross exposure for each industry by asset class,162,2,1,1
financed_emissions_percentage,Percentage of gross exposure included in the financed emissions calculation,163,41,5,3
air_emissions_pollutants,"Air emissions of the following pollutants: (1) NO_{x} (excluding N_{2} O), (2) SO_{x} , (3) particulate matter (PM_{10} ), (4) dioxins/furans, (5) volatile organic compounds (VOCs), (6) polycyclic aromatic hydrocarbons (PAHs) and (7) heavy metals",164,14,5,3
energy_consumption_grid_alternative_renewable,"(1) Total energy consumed, (2) percentage grid electricity, (3) percentage alternative and (4) percentage renewable",165,5,4,3
waste_generated_hazardous_recycled,"Amount of waste generated, percentage hazardous and percentage recycled",166,6,5,3
terrestrial_acreage_restored,"Terrestrial acreage disturbed, percentage of impacted area restored",167,42,9,2
incident_near_miss_rates,(1) Total recordable incident rate (TRIR) and (2) near miss frequency rate (NMFR) for (a) full-time employees and (b) contract employees,168,11,3,2
reported_silicosis_cases,Number of reported cases of silicosis,169,4,1,1
products_sustainable_building,Percentage of products that qualify for credits in sustainable building design and construction certifications,170,43,1,1
tam_share_reduce_impacts,"Total addressable market and share of market for products that reduce energy, water or material impacts during usage or production",171,44,4,3
legal_losses_cartel,"Total amount of monetary losses as a result of legal proceedings associated with cartel activities, price fixing, and anti-trust activities",172,2,2,1
production_by_product,Production by major product line,173,14,1,1
account_info_secondary,Number of account holders whose information is used for secondary purposes,174,4,1,1
legal_losses_privacy,Total amount of monetary losses as a result of legal proceedings associated with customer privacy,175,2,2,1
card_fraud_losses,Card-related fraud losses from (1) card-not-present fraud and (2) card-present and other fraud,176,2,1,1
remuneration_variable_linked,Percentage of total remuneration for covered employees that is variable and linked to the amount of products and services sold,177,3,3,2
approval_rate_credit_prepaid,Approval rate for (1) credit and (2) pre-paid products for applicants with FICO scores above and below 660,178,3,1,1
fees_apr_age_trade,"(1) Average fees from add-on products, (2) average APR, (3) average age of accounts, (4) average number of trade lines, and (5) average annual fees for pre-paid products, for customers with FICO scores above and below 660",179,45,1,1
cfpb_complaints_relief,"(1) Number of complaints filed with the Consumer Financial Protection Bureau (CFPB), (2) percentage with monetary or non-monetary relief, (3) percentage disputed by consumer, (4) percentage that resulted in investigation by the CFPB",180,8,1,1
legal_oversight_fines_metric,Total amount of monetary losses as a result of legal proceedings associated with selling and servicing of products,181,2,2,1
air_emissions_no_x_so_x_vocs_pm,"Air emissions of the following pollutants: (1) NO_{x} (excluding N_{2} O), (2) SO_{x} , (3) volatile organic compounds (VOCs), and (4) particulate matter (PM)",182,14,5,3
raw_materials_recycled_renewable,"Percentage of raw materials from: (1) recycled content, (2) renewable resources, and (3) renewable and recycled content",183,46,4,3
revenue_reusable_recyclable_compostable,"Revenue from products that are reusable, recyclable, and/or compostable",184,2,1,1
wood_fibre_procured_certified_sources,Total wood fibre procured; percentage from certified sources,185,6,1,1
aluminium_purchased_certified_sources,Total aluminium purchased; percentage from certified sources,186,6,1,1
production_by_substrate,"Amount of production, by substrate",187,14,1,1
production_paper_wood_glass_metal_plastic,"Percentage of production as: (1) paper/wood, (2) glass, (3) metal, and (4) plastic",188,1,1,1
energy_consumed_heavy_fuel_oil_ops_renewable,"(1) Total energy consumed, (2) percentage heavy fuel oil, (3) percentage onshore power supply (OPS) and (4) percentage renewable",189,5,4,3
eedi_new_ships,Average Energy Efficiency Design Index (EEDI) for new ships,190,47,4,3
ship_waste_pct_treated,"Total amount of ship waste discharged to the environment, percentage treated prior to discharge",191,6,5,3
fleet_ballast_water,Percentage of fleet implementing ballast water (1) exchange and (2) treatment,192,3,4,3
cruise_protected_areas,Cruise duration in marine protected areas or areas of protected conservation status,193,48,4,3
violations_notices,Number of notices of violations received for dumping,194,4,1,1
crime_incidents_alleged,Number of alleged crime incidents involving passengers or employees,195,4,3,2
cdc_inspection_score,"Fleet average CDC Vessel Sanitation Program inspection score, percentage of inspections failed",196,8,1,1
injuries_gi_illness,(1) Serious injuries per million passengers and (2) number of voyages with a gastrointestinal illness count exceeding 2%,197,49,1,1
seafarers_wage_region,"Average hourly wage for seafarers, by region",198,2,1,1
seafarers_max_hours,Percentage of seafarers working maximum hours,199,3,1,1
seafarers_overtime_paid,Percentage of seafarers paid for overtime,200,3,1,1
ltir,Seafarer lost time incident rate (LTIR),201,11,1,1
conditions_of_class_or_recommendations,Number of Conditions of Class or Recommendations,202,4,1,1
port_state_control_deficiencies_detentions,Number of port state control (1) deficiencies and (2) detentions,203,4,8,1
marine_casualties_very_serious,"Number of marine casualties, percentage classified as very serious",204,4,1,1
alb_km,Available lower berth kilometres (ALB-KM),205,50,1,1
apcd,Average passenger cruise days (APCD),206,51,1,1
shipboard_employees,Number of shipboard employees,207,4,3,2
cruise_passengers,Cruise passengers,208,4,1,1
vessel_port_calls,Number of vessel port calls,209,4,1,1
data_breaches_pii_phi_customers_affected,"(1) Number of data breaches, (2) percentage involving (a) personally identifiable information (PII) only and (b) protected health information (PHI), (3) number of customers affected in each category, (a) PII only and (b) PHI 1",210,8,7,2
legal_losses_data_privacy,Total amount of monetary losses as a result of legal proceedings associated with data security and privacy,211,2,6,2
drug_recalls_private_label,"Number of drug recalls issued, total units recalled, percentage for private-label products",212,8,1,1
controlled_substance_PDMP_query,Percentage of controlled substance prescriptions dispensed for which a prescription drug monitoring program (PDMP) database was queried,213,3,8,1
legal_losses_controlled_substances,Total amount of monetary losses as a result of legal proceedings associated with controlled substances,214,2,2,1
first_fill_adherence,First fill adherence rate,215,3,1,1
legal_losses_dispensing_errors,Total amount of monetary losses as a result of legal proceedings associated with prescription dispensing errors,216,2,2,1
information_secondary_usage,Number of users whose information is used for secondary purposes,217,4,1,1
data_breaches_PII_users,"(1) Number of data breaches, (2) percentage involving personally identifiable information (PII), (3) number of users affected",218,8,6,2
employee_engagement_percentage,Employee engagement as a percentage,219,3,3,2
turnover_rate_employees,(1) Voluntary and (2) involuntary turnover rate for all employees,220,11,3,2
gender_racial_diversity_representation,"Percentage of gender and racial/ethnic group representation for (1) management, (2) technical staff, and (3) all other employees",221,3,3,2
h1b_visa_percentage,Percentage of technical employees who are H-1B visa holders,222,3,3,2
ghg_footprint_shipments,Total greenhouse gas (GHG) footprint of product shipments,223,9,1,1
data_breaches_pii_students,"(1) Number of data breaches, (2) percentage involving personally identifiable information (PII), (3) number of students affected",224,8,6,2
graduation_rate,Graduation rate,225,3,1,1
on_time_completion_rate,On-time completion rate,226,3,1,1
job_placement_rate,Job placement rate,227,3,1,1
debt_earnings_debt_income,(1) Debt-to-annual earnings rate and (2) debt-to-discretionary income rate,228,3,1,1
cohort_default_rate,Program cohort default rate,229,3,1,1
legal_losses_amount,"Total amount of monetary losses as a result of legal proceedings associated with advertising, marketing, and mandatory disclosures",230,2,2,1
inst_stud_serv_exp,(1) Instruction and student services expenses and (2) marketing and recruiting expenses,231,2,1,1
rev_title_iv_gi_bill,"Revenue from: (1) Title IV funding, (2) GI Bill funding, and (3) private student loans",232,2,1,1
num_students_enrolled,Number of students enrolled,233,4,1,1
ghg_scope1_regulations_coverage,"(1) Gross global Scope 1 emissions, percentage covered under (2) emissions-limiting regulations and (3) emissions-reporting regulations",234,36,5,3
ghg_power_deliveries,Greenhouse gas (GHG) emissions associated with power deliveries,235,9,5,3
air_pollutant_emissions_near_population,"Air emissions of the following pollutants: (1) NO_{x} (excluding N_{2} O), (2) SO_{x} , (3) particulate matter (PM_{10} ), (4) lead (Pb), and (5) mercury (Hg); percentage of each in or near areas of dense population",236,6,5,3
coal_combustion_residuals,"Amount of coal combustion residuals (CCR) generated, percentage recycled",237,6,1,1
ccr_impoundments_hazard,"Total number of coal combustion residual (CCR) impoundments, broken down by hazard potential classification and structural integrity assessment",238,4,8,1
avg_electric_rate,"Average retail electric rate for (1) residential, (2) commercial, and (3) industrial customers",239,11,1,1
monthly_electric_bill,"Typical monthly electric bill for residential customers for (1) 500 kWh and (2) 1,000 kWh of electricity delivered per month",240,2,1,1
resi_cust_elec_disconnections,"Number of residential customer electric disconnections for non-payment, percentage reconnected within 30 days",241,8,1,1
safety_performance_rates,"(1) Total recordable incident rate (TRIR), (2) fatality rate, and (3) near miss frequency rate (NMFR)",242,11,1,1
electric_load_smart_grid,Percentage of electric load served by smart grid technology,243,52,1,1
cust_elec_efficiency_savings,"Customer electricity savings from efficiency measures, by market",244,53,4,3
nuclear_power_units_safety,"Total number of nuclear power units, broken down by results of most recent independent safety review",245,4,7,2
noncompliance_incidents,Number of incidents of non-compliance with physical or cybersecurity standards or regulations,246,4,6,2
interruption_duration_frequency,"(1) System Average Interruption Duration Index (SAIDI), (2) System Average Interruption Frequency Index (SAIFI), and (3) Customer Average Interruption Duration Index (CAIDI), inclusive of major event days",247,54,1,1
cust_resi_com_ind_customers,"Number of: (1) residential, (2) commercial, and (3) industrial customers served",248,4,1,1
elec_delivered_to_various_customers,"Total electricity delivered to: (1) residential, (2) commercial, (3) industrial, (4) all other retail customers, and (5) wholesale customers",249,53,1,1
haz_waste_recycled,"Amount of hazardous waste from manufacturing, percentage recycled",250,6,5,3
trir_nmfr_direct_contract_employees,(1) Total recordable incident rate (TRIR) and (2) near miss frequency rate (NMFR) for (a) direct employees and (b) contract employees,251,11,3,2
facilities_supplier_audited_rba_vap,"Percentage of (1) entity’s facilities and (2) Tier 1 supplier facilities audited in the RBA Validated Audit Process (VAP) or equivalent, by (a) all facilities and (b) high-risk facilities",252,3,8,1
non_conformance_corrective_action_rate_rba_vap,"(1) Non-conformance rate with the RBA Validated Audit Process (VAP) or equivalent and (2) associated corrective action rate for (a) priority non-conformances and (b) other non-conformances, broken down for (i) the entity’s facilities and (ii) the entity’s Tier 1 supplier facilities",253,11,8,1
end_of_life_e_waste_recycled,Weight of end-of-life products and e-waste recovered; percentage recycled,254,6,5,3
manufacturing_facilities,Number of manufacturing facilities,255,4,1,1
non_compliance_environmental_regulations,"Number of incidents of non-compliance with environmental permits, standards and regulations",256,4,6,2
rework_costs_defect_safety,Amount of defect- and safety-related rework costs,257,2,7,2
legal_proceedings_losses_defect_safety,Total amount of monetary losses as a result of legal proceedings associated with defect- and safety-related incidents,258,2,7,2
certified_sustainability_projects,Number of (1) commissioned projects certified to a third-party multi-attribute sustainability standard and (2) active projects seeking such certification,259,4,1,1
backlog_hydrocarbon_renewable_energy,Amount of backlog for (1) hydrocarbon-related projects and (2) renewable energy projects,260,2,4,3
backlog_cancellations_hydrocarbon,Amount of backlog cancellations associated with hydrocarbon-related projects,261,2,1,1
backlog_non_energy_climate_mitigation,Amount of backlog for non-energy projects associated with climate change mitigation,262,2,4,3
active_projects_transparency_corruption,(1) Number of active projects and (2) backlog in countries that have the 20 lowest rankings in Transparency International’s Corruption Perception Index,263,40,1,1
global_scope1_emissions_refrigerants,Gross global Scope 1 emissions from refrigerants,264,9,5,3
refrigerants_zero_ozone_consumed,Percentage of refrigerants consumed with zero ozone-depleting potential,265,46,1,1
average_refrigerant_emissions,Average refrigerant emissions rate,266,3,5,3
food_waste_generated_diverted,"Amount of food waste generated, percentage diverted from the waste stream",267,6,5,3
data_breaches_PII_customers,"(1) Number of data breaches, (2) percentage involving personally identifiable information (PII), (3) number of customers affected",268,8,6,2
high_risk_food_safety_violation,High-risk food safety violation rate,269,11,7,2
recalls_units_private_label,"(1) Number of recalls, (2) number of units recalled, (3) percentage of units recalled that are private-label products",270,8,1,1
health_nutrition_promotion,Revenue from products labelled and/or marketed to promote health and nutrition attributes,271,2,7,2
forestland_certification_percentage,"Area of forestland certified to a third-party forest management standard, percentage certified to each standard",272,55,1,1
forestland_conservation_protected,Area of forestland with protected conservation status,273,56,4,3
forestland_endangered_species_habitat,Area of forestland in endangered species habitat,274,56,1,1
forestland_indigenous_land,Area of forestland in indigenous land,275,15,1,1
forestland_ownership_management,"Area of forestland owned, leased, and/or managed by the entity",276,56,1,1
standing_timber_inventory,Aggregate standing timber inventory,277,57,1,1
timber_harvest_volume,Timber harvest volume,278,57,1,1
incident_fatality_rates,(1) Total recordable incident rate (TRIR) and (2) fatality rate,279,11,1,1
battery_storage_capacity,"Average storage capacity of batteries, by product application and technology type",280,58,1,1
avg_energy_efficiency_fuel_cells,"Average energy efficiency of fuel cells as (1) electrical efficiency and (2) thermal efficiency, by product application and technology type",281,3,4,3
avg_battery_efficiency,"Average battery efficiency as coulombic efficiency, by product application and technology type",282,3,4,3
avg_operating_lifetime_fuel_cells,"Average operating lifetime of fuel cells, by product application and technology type",283,59,1,1
avg_operating_lifetime_batteries,"Average operating lifetime of batteries, by product application and technology type",284,60,1,1
percentage_recyclable_reusable,Percentage of products sold that are recyclable or reusable,285,46,1,1
num_units_sold,Number of units sold,286,4,1,1
total_storage_capacity_batteries,Total storage capacity of batteries sold,287,61,1,1
total_energy_capacity_fuel_cells,Total energy production capacity of fuel cells sold,288,61,4,3
avg_retail_gas_rate,"Average retail gas rate for (1) residential, (2) commercial, (3) industrial customers, and (4) transportation services only",289,11,1,1
typical_monthly_gas_bill,Typical monthly gas bill for residential customers for (1) 50 MMBtu and (2) 100 MMBtu of gas delivered per year,290,2,1,1
residential_gas_reconnections,"Number of residential customer gas disconnections for non-payment, percentage reconnected within 30 days",291,8,1,1
customer_gas_efficiency_savings,"Customer gas savings from efficiency measures, by market",292,62,4,3
pipeline_incidents_corrective_actions_violations,"Number of (1) reportable pipeline incidents, (2) corrective actions received and (3) violations of pipeline safety statutes",293,4,7,2
distribution_pipeline_materials,Percentage of distribution pipeline that is (1) cast or wrought iron and (2) unprotected steel,294,63,1,1
gas_pipeline_inspection,Percentage of gas (1) transmission and (2) distribution pipelines inspected,295,63,1,1
revenue_iec_62474_substances,Percentage of products by revenue that contain IEC 62474 declarable substances,296,3,1,1
revenue_epeat_requirements,"Percentage of eligible products, by revenue, meeting the requirements for EPEAT registration or equivalent",297,3,1,1
revenue_energy_certification,"Percentage of eligible products, by revenue, certified to an energy efficiency certification",298,3,4,3
supplier_facilities_audit,"Percentage of Tier 1 supplier facilities audited in the RBA Validated Audit Process (VAP) or equivalent, by (a) all facilities and (b) high-risk facilities",299,3,8,1
supplier_non_conformance_corrective_action,"Tier 1 suppliers’ (1) non-conformance rate with the RBA Validated Audit Process (VAP) or equivalent, and (2) associated corrective action rate for (a) priority non-conformances and (b) other non-conformances",300,11,8,1
units_produced_by_product_category,Number of units produced by product category,301,4,1,1
medical_waste_incinerated_recycled_landfilled,"Total amount of medical waste: percentage (a) incinerated, (b) recycled or treated and (c) landfilled",302,14,5,3
hazardous_non_hazardous_pharmaceutical_waste_incinerated_recycled_landfilled,"Total amount of: (1) hazardous and (2) non-hazardous pharmaceutical waste, percentage (a) incinerated, (b) recycled or treated and (c) landfilled",303,6,5,3
ehr_meeting_meaningful_use,"Percentage of patient records that are Electronic Health Records (EHR) that meet ""meaningful use"" requirements",304,3,7,2
data_breaches_pii_phi_customers,"(1) Number of data breaches, (2) percentage involving (a) personally identifiable information (PII) only and (b) protected health information (PHI), (3) number of customers affected in each category, (a) PII only and (b) PHI",305,8,7,2
medicare_dsh_adjustment_payments,Amount of Medicare Disproportionate Share Hospital (DSH) adjustment payments received,306,2,1,1
hospital_value_based_purchasing_scores,"Average Hospital Value-Based Purchasing Total Performance Score and domain score, across all facilities",307,4,1,1
serious_reportable_events_nqf_defined,Number of Serious Reportable Events (SREs) as defined by the National Quality Forum (NQF),308,4,1,1
hac_score_per_hospital,Hospital-Acquired Condition (HAC) Score per hospital,309,4,1,1
excess_readmission_ratio_per_hospital,Excess readmission ratio per hospital,310,64,1,1
payload_fuel_economy,Payload fuel economy,311,65,1,1
products_take_back_reused,"Amount (by weight) of products accepted for take-back and reused, recycled, or donated",312,14,1,1
monetary_losses_bribery_corruption,"Total amount of monetary losses as a result of legal proceedings associated with bribery, corruption, or other unethical business practices",313,2,9,2
lots_homes_delivered_redevelopment,Number of (1) lots and (2) homes delivered on redevelopment sites,314,4,1,1
lots_homes_delivered_water_stress,Number of (1) lots and (2) homes delivered in regions with High or Extremely High Baseline Water Stress,315,4,4,3
monetary_losses_environmental_regulations,Total amount of monetary losses as a result of legal proceedings associated with environmental regulations,316,2,6,2
homes_energy_efficiency_rating,(1) Number of homes that obtained a certified residential energy efficiency rating and (2) average rating,317,66,4,3
water_fixtures_certified,Percentage of installed water fixtures certified to a water efficiency standard,318,3,4,3
homes_green_building_standard,Number of homes delivered certified to a third-party multi-attribute green building standard,319,4,1,1
lots_homes_delivered_infill,Number of (1) lots and (2) homes delivered on infill sites,320,4,1,1
homes_compact_density,(1) Number of homes delivered in compact developments and (2) average density,321,4,1,1
lots_100yr_flood,Number of lots located in 100-year flood zones,322,4,1,1
controlled_lots,Number of controlled lots,323,4,8,1
homes_delivered,Number of homes delivered,324,4,1,1
active_communities,Number of active selling communities,325,4,1,1
lodging_protected_areas,Number of lodging facilities located in or near areas of protected conservation status or endangered species habitat,326,4,4,3
turnover_rate_sustainability,(1) Voluntary and (2) involuntary turnover rate for lodging facility employees,327,11,3,2
wage_minwage_region,"(1) Average hourly wage and (2) percentage of lodging facility employees earning minimum wage, by region",328,44,3,2
lodging_100yr_flood,Number of lodging facilities located in 100-year flood zones,329,4,1,1
roomnights_available,Number of available room-nights,330,4,1,1
avg_occupancy_rate,Average occupancy rate,331,11,1,1
total_lodging_area,Total area of lodging facilities,332,23,1,1
lodging_facilities_managed_owned_franchised,"Number of lodging facilities and the percentage that are: (1) managed, (2) owned and leased, (3) franchised",333,8,1,1
revenue_reach_svhc,Revenue from products that contain REACH substances of very high concern (SVHC),334,2,1,1
revenue_california_dtsc_chemicals,Revenue from products that contain substances on the California DTSC Candidate Chemicals List,335,2,1,1
revenue_green_chemistry_products,Revenue from products designed with green chemistry principles,336,2,1,1
palm_oil_sourced_rspo_certification,"Amount of palm oil sourced, percentage certified through the Roundtable on Sustainable Palm Oil (RSPO) supply chains as (a) Identity Preserved, (b) Segregated, (c) Mass Balance or (d) Book & Claim",337,6,1,1
products_sold_weight,"Units of products sold, total weight of products sold",338,13,1,1
fleet_fuel_efficiency_medium_heavy_vehicles,Sales-weighted fleet fuel efficiency for medium- and heavy-duty vehicles,339,67,4,3
fuel_efficiency_non_road_equipment,Sales-weighted fuel efficiency for non-road equipment,340,68,4,3
sales_weighted_fuel_efficiency,Sales-weighted fuel efficiency for stationary generators,341,69,4,3
sales_weighted_emissions_nox_pm,"Sales-weighted emissions of (1) nitrogen oxides (NO_{x} ) and (2) particulate matter (PM) for: (a) marine diesel engines, (b) locomotive diesel engines, (c) on-road medium- and heavy-duty engines and (d) other non-road diesel engines",342,70,5,3
revenue_remanufactured_products,Revenue from remanufactured products and remanufacturing services,343,2,1,1
monetary_losses_marketing_legal,Total amount of monetary losses as a result of legal proceedings associated with marketing and communication of insurance product-related information to new and returning customers,344,2,2,1
complaints_claims_ratio,Complaints-to-claims ratio,345,11,1,1
customer_retention_rate,Customer retention rate,346,11,1,1
net_premiums_energy_efficiency,Net premiums written related to energy efficiency and low carbon technology,347,2,4,3
pml_insured_products_catastrophes,Probable Maximum Loss (PML) of insured products from weather-related natural catastrophes,348,2,1,1
monetary_losses_user_privacy,Total amount of monetary losses as a result of legal proceedings associated with user privacy,349,2,2,1
law_enforcement_requests_disclosure,"(1) Number of law enforcement requests for user information, (2) number of users whose information was requested, (3) percentage resulting in disclosure",350,8,1,1
govt_content_removal_compliance,"Number of government requests to remove content, percentage compliance with requests",351,8,2,1
data_breaches_pii_users,"(1) Number of data breaches, (2) percentage involving personally identifiable information (PII), (3) number of users affected 3",352,8,6,2
foreign_nationals_percentage,Percentage of employees that are foreign nationals 4,353,3,3,2
revenue_transactions_esg_integration,"Revenue from (1) underwriting, (2) advisory and (3) securitisation transactions incorporating integration of environmental, social and governance (ESG) factors, by industry",354,2,1,1
investments_loans_esg_integration,"(1) Number and (2) total value of investments and loans incorporating integration of environmental, social and governance (ESG) factors, by industry",355,40,1,1
financial_legal_losses_fraud,"Total amount of monetary losses as a result of legal proceedings associated with fraud, insider trading, anti-trust, anti-competitive behaviour, market manipulation, malpractice, or other related financial industry laws or regulations",356,2,6,2
mediation_arbitration_professional_integrity,"Number of mediation and arbitration cases associated with professional integrity, including duty of care, by party",357,4,1,1
financial_losses_professional_integrity,"Total amount of monetary losses as a result of legal proceedings associated with professional integrity, including duty of care",358,2,2,1
air_emissions_metric_in_sustainability,"Air emissions of the following pollutants: (1) CO, (2) NO_{x} (excluding N_{2} O), (3) SO_{x} , (4) particulate matter (PM_{10} ), (5) manganese (MnO), (6) lead (Pb), (7) volatile organic compounds (VOCs), and (8) polycyclic aromatic hydrocarbons (PAHs)",359,14,5,3
total_energy_consumption,"(1)Total energy consumed, (2) percentage grid electricity and (3) percentage renewable",360,5,4,3
fuel_consumption_coal_ng_renewable,"(1)Total fuel consumed, (2) percentage coal, (3)percentage natural gas and (4) percentage renewable",361,5,1,1
water_withdrawn_consumed_high_stress,"(1)Total water withdrawn, (2) total water consumed; percentage of each in regions with High or Extremely High Baseline Water Stress",362,10,4,3
waste_gen_perc,"Amount of waste generated, percentage hazardous, percentage recycled",363,6,5,3
trir_fatality_nmfr_employees_contract,"(1)Total recordable incident rate (TRIR), (2) fatality rate, and (3) near miss frequency rate (NMFR) for (a) full-time employees and (b) contract employees",364,11,3,2
raw_steel_production_bof_eaf_processes,"Raw steel production, percentage from: (1) basic oxygen furnace processes, (2) electric arc furnace processes",365,6,1,1
iron_ore_production,Total iron ore production,366,14,1,1
coking_coal_production,Total coking coal production,367,14,1,1
fatality_injury_rate_customers,(1) Fatality rate and (2) injury rate for customers,368,11,7,2
facilities_inspected_failed_safety,"Percentage of facilities inspected for safety, percentage of facilities that failed inspection",369,3,7,2
trir_nmfr_permanent_seasonal_employees,(1) Total recordable incident rate (TRIR) and (2) near miss frequency rate (NMFR) for (a) permanent employees and (b) seasonal employees,370,11,3,2
attendance,Attendance,371,4,1,1
customer_days,Number of customer-days,372,4,1,1
mlr,Medical Loss Ratio (MLR),373,64,1,1
rebates_due_to_non_compliance,Total amount of rebates accrued and paid due to non-compliance with the Patient Protection and Affordable Care Act for Medical Loss Ratio (MLR),374,2,2,1
rate_increases_approval,Percentage of proposed rate increases receiving “not unreasonable” designation from Health and Human Services (HHS) review or state review,375,3,7,2
medicare_advantage_plan_rating,"Average Medicare Advantage plan rating for each of the following plan types: (1) HMO, (2) local PPO, (3) regional PPO, (4) PFFS, and (5) SNP",376,4,9,2
enrollee_retention_rate,"Enrollee retention rate by plan type, including: (1) HMO, (2) local PPO, (3) regional PPO, (4) PFFS, and (5) SNP",377,11,9,2
reversed_appealed_claims,Percentage of claims denied that were appealed by customers and ultimately reversed,378,3,1,1
enrollee_grievance_rate,Plan enrollee grievance rate,379,11,1,1
wellness_program_enrollees,"Percentage of enrollees in wellness programs by type: (1) diet and nutrition, (2) exercise, (3) stress management, (4) mental health, (5) smoking or alcohol cessation, or (6) other",380,3,7,2
energy_consumed_heavy_fuel_renewable,"(1) Total energy consumed, (2) percentage heavy fuel oil and (3) percentage renewable",381,5,4,3
shipping_duration_protected_areas,Shipping duration in marine protected areas or areas of protected conservation status,382,48,4,3
spills_releases_environment,(1) Number and (2) aggregate volume of spills and releases to the environment,383,71,1,1
ltir_sustainability_metric,Lost time incident rate (LTIR),384,11,1,1
calls_ports_low_transparency_index,Number of calls at ports in countries that have the 20 lowest rankings in Transparency International’s Corruption Perception Index,385,4,1,1
legal_costs_due_to_corruption,Total amount of monetary losses as a result of legal proceedings associated with bribery or corruption,386,2,2,1
animal_litter_manure_managed,"Amount of animal litter and manure generated, percentage managed according to a nutrient management plan",387,6,1,1
pasture_grazing_land_conservation,Percentage of pasture and grazing land managed to conservation plan criteria,388,72,4,3
animal_protein_confined_operations,Animal protein production from confined animal feeding operations,389,14,1,1
supplier_facilities_gfsi_certified,Percentage of supplier facilities certified to a Global Food Safety Initiative (GFSI) food safety certification program,390,3,7,2
recalls_issued_total_weight,(1) Number of recalls issued and (2) total weight of products recalled,391,13,1,1
animal_production_antibiotics,"Percentage of animal production that received (1) medically important antibiotics and (2) not medically important antibiotics, by animal type",392,46,1,1
pork_no_gestation_crates,Percentage of pork produced without the use of gestation crates,393,46,1,1
cage_free_egg_sales,Percentage of cage-free shell egg sales,394,3,1,1
animal_welfare_certified_production,Percentage of production certified to a third-party animal welfare standard,395,46,1,1
livestock_suppliers_conservation_criteria,Percentage of livestock from suppliers implementing the Natural Resources Conservation Service (NRCS) conservation plan criteria or the equivalent,396,46,4,3
supplier_facilities_animal_welfare_standards,Percentage of supplier and contract production facilities verified to meet animal welfare standards,397,3,1,1
animal_feed_water_stress_regions,Percentage of animal feed sourced from regions with High or Extremely High Baseline Water Stress,398,46,4,3
contracts_water_stress_regions,Percentage of contracts with producers located in regions with High or Extremely High Baseline Water Stress,399,73,4,3
processing_manufacturing_facilities,Number of processing and manufacturing facilities,400,4,1,1
animal_protein_outsourced,"Animal protein production, by category; percentage outsourced",401,74,1,1
gender_race_representation,"Percentage of gender and racial/ethnic group representation for (1) management, (2) professionals, and (3) all other employees",402,3,3,2
legal_losses_libel_slander,Total amount of monetary losses as a result of legal proceedings associated with libel or slander,403,2,2,1
revenue_embedded_ad,Revenue from embedded advertising,404,2,1,1
media_recipients_reach,"(1) Total recipients of media and the number of (2) households reached by broadcast TV, (3) subscribers to cable networks, and (4) circulation for magazines and newspapers",405,4,1,1
media_productions_publications,Total number of media productions and publications produced,406,4,1,1
net_price_increase_cpi,Ratio of weighted average rate of net price increases (for all products) to the annual increase in the U.S. Consumer Price Index,407,64,1,1
fatalities_fda_reports,Number of fatalities related to products as reported in the FDA Manufacturer and User Facility Device Experience,408,4,1,1
products_accepted_for_takeup,"Total amount of products accepted for take-back and reused, recycled or donated, broken down by: (1) devices and equipment and (2) supplies",409,14,1,1
facilities_audit_programs,Percentage of (1) entity's facilities and (2) Tier I suppliers' facilities participating in third-party audit programs for manufacturing and product quality,410,3,8,1
air_emissions_pollutants_sustainability_metrics,"Air emissions of the following pollutants: (1) CO, (2) NO_{x} (excluding N_{2} O), (3) SO_{x} , (4) particulate matter (PM_{10} ), (5) mercury (Hg), (6) lead (Pb), and (7) volatile organic compounds (VOCs)",411,14,5,3
hazmat_waste_incidents,Number of significant incidents associated with hazardous materials and waste management,412,4,4,3
reserves_near_conflict,Percentage of (1) proved and (2) probable reserves in or near areas of conflict,413,3,1,1
safety_training_rates,"(1) MSHA all-incidence rate, (2) fatality rate, (3) near miss frequency rate (NMFR) and (4) average hours of health, safety, and emergency response training for (a) full-time employees and (b) contract employees",414,11,7,2
corruption_index_production,Production in countries that have the 20 lowest rankings in Transparency International’s Corruption Perception Index,415,75,1,1
metal_ores_products,Production of (1) metal ores and (2) finished metal products,416,75,1,1
employees_contractors,"Total number of employees, percentage contractors",417,8,3,2
residential_mortgages_value,"(1) Number and (2) value of residential mortgages of the following types: (a) Hybrid or Option Adjustable-rate Mortgages (ARM), (b) Prepayment Penalty, (c) Higher Rate, (d) Total, by FICO scores above or below 660",418,40,1,1
mortgage_modifications_foreclosures,"(1) Number and (2) value of (a) residential mortgage modifications, (b) foreclosures, and (c) short sales or deeds in lieu of foreclosure, by FICO scores above and below 660",419,40,1,1
legal_proceedings_losses,Total amount of monetary losses as a result of legal proceedings associated with communications to customers or remuneration of loan originators,420,2,2,1
loan_to_value_ratio,"(1) Number, (2) value, and (3) weighted average Loan-to-Value (LTV) ratio of mortgages issued to (a) minority and (b) all other borrowers, by FICO scores above and below 660",421,76,1,1
discriminatory_lending_losses,Total amount of monetary losses as a result of legal proceedings associated with discriminatory mortgage lending,422,2,2,1
mortgage_in_flood_zones,(1) Number and (2) value of mortgage loans in 100-year flood zones,423,40,1,1
weather_related_loss_given_default,"(1) Total expected loss and (2) Loss Given Default (LGD) attributable to mortgage loan default and delinquency because of weather-related natural catastrophes, by geographical region",424,44,1,1
wage_and_minimum_wage,"(1) Average hourly wage and (2) percentage of in-store employees earning minimum wage, by region",425,44,3,2
employee_turnover_rate,(1) Voluntary and (2) involuntary turnover rate for in-store employees,426,11,3,2
diversity_representation,Percentage of gender and racial/ethnic group representation for (1) management and (2) all other employees,427,3,3,2
employment_discrimination_losses,Total amount of monetary losses as a result of legal proceedings associated with employment discrimination,428,2,2,1
certified_sustainable_revenue,Revenue from products third-party certified to environmental and/or social sustainability standards,429,2,1,1
special_beverage_revenue,"Revenue from (1) zero- and low-calorie, (2) no-added-sugar, and (3) artificially sweetened beverages",430,2,1,1
advertising_on_children,Percentage of advertising impressions (1) made on children and (2) made on children promoting products that meet dietary guidelines,431,3,1,1
gmo_revenue,Revenue from products labelled as (1) containing genetically modified organisms (GMOs) and (2) non-GMO,432,2,1,1
scope1_emissions_methane,"Gross global Scope 1 emissions, percentage methane, percentage covered under emissions-limiting regulations",433,77,5,3
scope1_emissions_breakdown,"Amount of gross global Scope 1 emissions from: (1) flared hydrocarbons, (2) other combustion, (3) process emissions, (4) other vented emissions and (5) fugitive emissions",434,78,5,3
sust_acc_air_emissions_pollutants,"Air emissions of the following pollutants: (1) NO_{x} (excluding N_{2} O), (2) SO_{x} , (3) volatile organic compounds (VOCs), and (4) particulate matter (PM_{10} )",435,14,5,3
produced_water_management,"Volume of produced water and flowback generated; percentage (1) discharged, (2) injected, (3) recycled; hydrocarbon content in discharged water",436,79,4,3
fracturing_fluid_transparency,Percentage of hydraulically fractured wells for which there is public disclosure of all fracturing fluid chemicals used,437,3,1,1
fracturing_impact_on_water,Percentage of hydraulic fracturing sites where ground or surface water quality deteriorated compared to a baseline,438,3,4,3
hydrocarbon_spills_volume,"Number and aggregate volume of hydrocarbon spills, volume in Arctic, volume impacting shorelines with ESI rankings 8-10, and volume recovered",439,80,9,2
incident_and_training_metrics,"(1) Total recordable incident rate (TRIR), (2) fatality rate, (3) near miss frequency rate (NMFR), and (4) average hours of health, safety, and emergency response training for (a) full-time employees, (b) contract employees, and (c) short-service employees",440,81,7,2
hydrocarbon_reserve_sensitivity,Sensitivity of hydrocarbon reserve levels to future price projection scenarios that account for a price on carbon emissions,441,82,5,3
co2e_in_proved_reserves,Estimated carbon dioxide emissions embedded in proved hydrocarbon reserves,442,9,5,3
renewable_energy_investment,"Amount invested in renewable energy, revenue generated by renewable energy sales",443,2,4,3
reserves_transparency_corruption,Percentage of (1) proved and (2) probable reserves in countries that have the 20 lowest rankings in Transparency International’s Corruption Perception Index,444,3,1,1
process_safety_event_rates,Process Safety Event (PSE) rates for Loss of Primary Containment (LOPC) of greater consequence (Tier 1),445,11,7,2
oil_gas_synthetic_production,"Production of: (1) oil, (2) natural gas, (3) synthetic oil, and (4) synthetic gas",446,83,1,1
offshore_sites_number,Number of offshore sites,447,4,1,1
terrestrial_sites_number,Number of terrestrial sites,448,4,1,1
sustainability_performance_metric,"Air emissions of the following pollutants: (1) NO_{x} (excluding N_{2} O), (2) SO_{x} , (3) particulate matter (PM_{10} ), (4) H_{2} S, and (5) volatile organic compounds (VOCs)",449,14,5,3
refineries_near_population,Number of refineries in or near areas of dense population,450,4,1,1
non_compliance_water_quality,"Number of incidents of non-compliance associated with water quality permits, standards, and regulations",451,4,4,3
ust_releases_cleanup_funds,"(1) Number of underground storage tanks (USTs), (2) number of UST releases requiring cleanup, and (3) percentage in states with UST financial assurance funds",452,8,1,1
trir_fatality_nmfr_employees,"(1) Total recordable incident rate (TRIR), (2) fatality rate, and (3) near miss frequency rate (NMFR) for (a) full-time employees and (b) contract employees",453,11,3,2
market_biofuels_infrastructure,Total addressable market and share of market for advanced biofuels and associated infrastructure,454,44,1,1
renewable_fuels_blending,"Volumes of renewable fuels for fuel blending: (1) net amount produced, (2) net amount purchased",455,84,1,1
monetary_losses_price_manipulation,Total amount of monetary losses as a result of legal proceedings associated with price fixing or price manipulation,456,2,2,1
pse_lopc_tier1_tier2,Process Safety Event (PSE) rates for Loss of Primary Containment (LOPC) of greater consequence (Tier 1) and lesser consequence (Tier 2),457,11,7,2
safety_systems_indicator,Challenges to Safety Systems indicator rate (Tier 3),458,11,7,2
refining_throughput_feedstocks,Refining throughput of crude oil and other feedstocks,459,84,1,1
refining_capacity,Refining operating capacity,460,85,1,1
fuel_consumed_renewable_on_road_off_road,"Total fuel consumed, percentage renewable, percentage used in: (1) on-road equipment and vehicles and (2) off-road equipment",461,5,1,1
engines_comply_non_road_emissions,Percentage of engines in service that comply with the highest level of emissions standards for non-road diesel engine emissions,462,3,5,3
water_volume_handled_recycled,"(1) Total volume of water handled in operations, (2) percentage recycled",463,10,4,3
fracturing_fluid_hazardous,"Volume of hydraulic fracturing fluid used, percentage hazardous",464,10,1,1
disturbed_acreage_oil_gas_well,Average disturbed acreage per (1) oil and (2) gas well site,465,86,1,1
incident_fatality_near_miss_vehicle_training,"(1) Total recordable incident rate (TRIR), (2) fatality rate, (3) near miss frequency rate (NMFR), (4) total vehicle incident rate (TVIR), and (5) average hours of health, safety, and emergency response training for (a) full-time employees, (b) contract employees, and (c) short-service employees",466,11,7,2
revenue_transparency_corruption_index,Amount of net revenue in countries that have the 20 lowest rankings in Transparency International’s Corruption Perception Index,467,2,1,1
active_rig_sites,Number of active rig sites,468,4,1,1
active_well_sites,Number of active well sites,469,4,1,1
drilling_performed,Total amount of drilling performed,470,87,1,1
total_employee_hours_worked,Total number of hours worked by all employees,471,88,3,2
percent_ingredients_gfsi_cert,Percentage of ingredients sourced from Tier 1 supplier facilities certified to a Global Food Safety Initiative (GFSI) recognised food safety certification program,472,12,7,2
food_safety_violation_notices,"(1) Total number of notices of food safety violation received, (2) percentage corrected",473,8,7,2
advertising_impressions_children,Percentage of advertising impressions (1) made on children and (2) made on children promoting products that meet dietary guidelines 2,474,3,1,1
data_breaches_customer_info,"(1) Number of data breaches, (2) percentage involving customers' confidential business information (CBI) or personally identifiable information (PII), (3) number of customers affected",475,8,6,2
gender_ethnic_representation,Percentage of gender and racial/ethnic group representation for (1) executive management and (2) all other employees,476,3,3,2
employee_turnover_rates,(1) Voluntary and (2) involuntary turnover rate for employees,477,11,3,2
monetary_losses_professional_integrity,Total amount of monetary losses as a result of legal proceedings associated with professional integrity,478,2,2,1
employee_types_breakdown,"Number of employees by: (1) full-time and part-time, (2) temporary, and (3) contract",479,4,3,2
employee_hours_billable_percentage,"Employee hours worked, percentage billable",480,89,3,2
air_emissions_no_x_so2_vocs_pm_haps,"Air emissions of the following pollutants: (1) NO_{x} (excluding N_{2} O), (2) SO_{2} , (3) volatile organic compounds (VOCs), (4) particulate matter (PM), and (5) hazardous air pollutants (HAPs)",481,14,5,3
total_energy_consumed_grid_biomass_renewable_self_generated,"(1) Total energy consumed, (2) percentage grid electricity, (3) percentage from biomass, (4) percentage from other renewable energy and (5) total self-generated energy",482,5,4,3
wood_fibre_third_party_certified_other_fibre_sourcing,Percentage of wood fibre sourced from (1) third-party certified forestlands and percentage to each standard and (2) meeting other fibre sourcing standards and percentage to each standard,483,46,1,1
recycled_recovered_fibre_procured,Amount of recycled and recovered fibre procured,484,14,1,1
pulp_production,Pulp production,485,90,1,1
paper_production,Paper production,486,90,1,1
total_fuel_consumed_renewable,"Total fuel consumed, percentage renewable",487,5,1,1
air_emissions_no_x_pm10,Air emissions of the following pollutants: (1) NO_{x} (excluding N_{2} O) and (2) particulate matter (PM_{10} ),488,14,5,3
accidents_incidents,Number of accidents and incidents,489,4,1,1
accident_releases_nars,Number of (1) accident releases and (2) non-accident releases (NARs),490,4,1,1
fra_violation_defects,Number of Federal Railroad Administration (FRA) Recommended Violation Defects,491,4,1,1
railway_integrity_inspections,Frequency of internal railway integrity inspections,492,11,1,1
carloads_transported,Number of carloads transported,493,4,1,1
intermodal_units_transported,Number of intermodal units transported,494,4,1,1
energy_sustainability_revenue,Revenue from energy and sustainability services,495,2,4,3
buildings_energy_services,(1) Floor area and (2) number of buildings under management provided with energy and sustainability services,496,91,4,3
buildings_energy_rating,(1) Floor area and (2) number of buildings under management that obtained an energy rating,497,91,4,3
dual_agency_revenue,Brokerage revenue from dual agency transactions,498,2,1,1
appraisal_services_revenue,Revenue from transactions associated with appraisal services,499,2,1,1
property_management_clients,"Number of property management clients, categorised by: (1) tenants and (2) real estate owners",500,4,1,1
floor_area_owner_control,Floor area under management with owner operational control,501,23,8,1
num_buildings_owner_control,Number of buildings under management with owner operational control,502,4,8,1
num_leases_tenants_owners,"Number of leases transacted, categorised by: (1) tenants and (2) real estate owners",503,4,1,1
energy_data_coverage_sector,"Energy consumption data coverage as a percentage of total floor area, by property sector",504,92,4,3
total_energy_grid_renewable,"(1) Total energy consumed by portfolio area with data coverage, (2) percentage grid electricity and (3) percentage renewable, by property sector",505,5,4,3
energy_consumption_change_sector,"Like-for-like percentage change in energy consumption for the portfolio area with data coverage, by property sector",506,3,4,3
energy_rating_energy_star,"Percentage of eligible portfolio that (1) has an energy rating and (2) is certified to ENERGY STAR, by property sector",507,92,4,3
water_withdrawal_coverage_sector,"Water withdrawal data coverage as a percentage of (1) total floor area and (2) floor area in regions with High or Extremely High Baseline Water Stress, by property sector",508,92,4,3
total_water_high_stress,"(1) Total water withdrawn by portfolio area with data coverage and (2) percentage in regions with High or Extremely High Baseline Water Stress, by property sector",509,10,4,3
water_withdrawal_change_sector,"Like-for-like percentage change in water withdrawn for portfolio area with data coverage, by property sector",510,3,4,3
new_leases_cost_recovery,"(1) Percentage of new leases that contain a cost recovery clause for resource efficiency-related capital improvements and (2) associated leased floor area, by property sector",511,93,4,3
tenants_metered_consumption,"Percentage of tenants that are separately metered or submetered for (1) grid electricity consumption and (2) water withdrawals, by property sector",512,92,4,3
properties_flood_zones,"Area of properties located in 100-year flood zones, by property sector",513,23,1,1
number_of_assets,"Number of assets, by property sector",514,4,1,1
leasable_floor_area,"Leasable floor area, by property sector",515,23,1,1
indirectly_managed_assets,"Percentage of indirectly managed assets, by property sector",516,92,1,1
occupancy_rate,"Average occupancy rate, by property sector",517,3,1,1
total_waste_food_diverted,"(1) Total amount of waste, (2) percentage food waste, and (3) percentage diverted",518,6,5,3
restaurants_inspected_violations,"(1) Percentage of restaurants inspected by a food safety oversight body, (2) percentage receiving critical violations",519,3,7,2
foodborne_illness_outbreaks,"Number of confirmed foodborne illness outbreaks, percentage resulting in U.S. Centres for Disease Control and Prevention (CDC) investigation",520,8,8,1
meal_options_rev,(1) Percentage of meal options consistent with national dietary guidelines and (2) revenue from these options,521,94,1,1
childrens_meal_options_rev,(1) Percentage of children’s meal options consistent with national dietary guidelines for children and (2) revenue from these options,522,94,1,1
children_ads_diet,"Number of advertising impressions made on children, percentage promoting products that meet national dietary guidelines for children 3",523,8,1,1
turnover_rate,(1) Voluntary and (2) involuntary turnover rate for restaurant employees,524,11,3,2
hourly_wage_minwage,"(1) Average hourly wage, by region and (2) percentage of restaurant employees earning minimum wage, by region",525,44,3,2
fuel_consumed_natgas_renew,"(1) Total fuel consumed, (2) percentage natural gas and (3) percentage renewable",526,5,1,1
revenue_rtk,Revenue tonne-kilometres (RTK),527,18,1,1
load_factor,Load factor,528,4,1,1
halts_pauses_duration,(1) Number and (2) average duration of (a) halts related to public release of information and (b) pauses related to volatility,529,95,1,1
automated_trades_percentage,Percentage of trades generated from automated trading systems,530,3,1,1
market_disruptions_duration,(1) Number of significant market disruptions and (2) duration of downtime,531,96,1,1
trades_executed_daily,"Average daily number of trades executed, by product or asset class",532,4,1,1
gross_scope1_emissions_perfluorinated_compounds,(1) Gross global Scope 1 emissions and (2) amount of total emissions from perfluorinated compounds,533,9,5,3
monetary_losses_employee_violations,Total amount of monetary losses as a result of legal proceedings associated with employee health and safety violations,534,2,7,2
foreign_nationals_offshore_employees,Percentage of employees that are (1) foreign nationals and (2) located offshore,535,3,3,2
processor_energy_efficiency_servers_desktops_laptops,"Processor energy efficiency at a system-level for: (1) servers, (2) desktops and (3) laptops",536,97,4,3
project_delays_ecological_impacts,Number and duration of project delays related to ecological impacts,537,37,9,2
products_revenue_iec62474_substances,"Percentage of products by revenue that contain IEC 62474 declarable substances, arsenic compounds, antimony compounds, or beryllium compounds",538,3,1,1
customer_info_secondary_usage,Number of customers whose information is used for secondary purposes,539,4,1,1
law_enforcement_requests_customer_info,"(1) Number of law enforcement requests for customer information, (2) number of customers whose information was requested, (3) percentage resulting in disclosure",540,8,1,1
data_breaches_pii_customers_affected,"(1) Number of data breaches, (2) percentage involving personally identifiable information (PII), (3) number of customers affected 2",541,8,6,2
recovered_materials_reused_recycled_landfilled,"(1) Materials recovered through take back programs, percentage of recovered materials that were (2) reused, (3) recycled, and (4) landfilled",542,6,4,3
download_speed_owned_non_associated_content,Average actual sustained download speed of (1) owned and commercially-associated content and (2) non-associated content,543,98,1,1
interruption_duration_frequency_customer_duration,"(1) System average interruption duration, (2) system average interruption frequency and (3) customer average interruption duration",544,54,1,1
revenue_non_tobacco_heated_tobacco_products,(1) Gross revenue and (2) revenue net of excise taxes from (a) non-tobacco nicotine products and (b) heated tobacco products,545,2,1,1
legal_fines_due_to_misleading_practices,"Total amount of monetary losses as a result of legal proceedings associated with marketing, labelling, and/or advertising practices",546,2,2,1
tobacco_product_sales_volume_cigarette_cigar_other,"Combustible tobacco product sales volume: (1) cigarette, (2) cigar, and (3) other smoked tobacco products",547,13,1,1
non_combustible_product_sales_volume_smokeless_nicotine_replacement,"Non-combustible product sales volume: (1) traditional smokeless tobacco, (2) non-tobacco nicotine products, (3) heated tobacco products, and (4) nicotine replacement therapy products",548,4,1,1
recalls_total_units_recalled,Number of (1) recalls and (2) total units recalled,549,4,1,1
letters_of_advice,Number of Letters of Advice (LOA) received,550,4,1,1
facilities_audited_to_code,Number of facilities audited to a social responsibility code of conduct,551,4,8,1
suppliers_audit_non_conformance,Direct suppliers’ social responsibility audit (1) non-conformance rate and (2) associated corrective action rate for (a) priority non-conformances and (b) other non-conformances,552,11,8,1
manufacturing_outsourced_percentage,"Number of manufacturing facilities, percentage outsourced",553,8,1,1
landfill_gas_flared_used,"(1) Total landfill gas generated, (2) percentage flared and (3) percentage used for energy",554,99,4,3
fleet_fuel_consumed_sources,"(1) Fleet fuel consumed, (2) percentage natural gas and (3) percentage renewable",555,5,1,1
alternative_fuel_vehicles_percentage,Percentage of alternative fuel vehicles in fleet,556,3,1,1
air_emissions_pollutants_no_so_vocs,"Air emissions of the following pollutants: (1) NO_{x} (excluding N_{2} O), (2) SO_{x} , (3) volatile organic compounds (VOCs), and (4) hazardous air pollutants (HAPs)",557,14,5,3
facilities_near_dense_population,Number of facilities in or near areas of dense population,558,4,1,1
non_compliance_incidents_air,Number of incidents of non-compliance associated with air emissions,559,4,5,3
toxic_release_inventory_releases,"(1) Total Toxic Release Inventory (TRI) releases, (2) percentage released to water",560,6,4,3
corrective_actions_landfill_releases,Number of corrective actions implemented for landfill releases,561,4,1,1
noncompliance_environmental_impacts,Number of incidents of non-compliance associated with environmental impacts,562,4,5,3
trir_fatality_nmfr_direct_contract,"(1) Total recordable incident rate (TRIR), (2) fatality rate, and (3) near miss frequency rate (NMFR) for (a) direct employees and (b) contract employees",563,11,3,2
waste_incinerated_hazardous_energy,"(1) Amount of waste incinerated, (2) percentage hazardous, (3) percentage used for energy recovery",564,6,4,3
customers_recycling_composting,"Percentage of customers receiving (1) recycling and (2) composting services, by customer type",565,3,5,3
material_recycled_composted_waste_to_energy,"Amount of material (1) recycled, (2) composted, and (3) processed as waste-to-energy",566,14,4,3
ewaste_collected_percentage_recycled,"Amount of electronic waste collected, percentage recovered through recycling",567,6,5,3
customers_category_municipal_commercial_industrial_residential_other,"Number of customers by category: (1) municipal, (2) commercial, (3) industrial, (4) residential, and (5) other",568,4,1,1
vehicle_fleet_size,Vehicle fleet size,569,4,1,1
facilities_landfills_transfer_recycling_composting_incinerators_others,"Number of: (1) landfills, (2) transfer stations, (3) recycling centres, (4) composting centres, (5) incinerators, and (6) all other facilities",570,4,5,3
materials_managed_by_customer_category,"Total amount of materials managed, by customer category: (1) municipal, (2) commercial, (3) industrial, (4) residential, and (5) other",571,14,4,3
water_main_replacement_rate,Water main replacement rate,572,11,4,3
volume_of_non_revenue_water_losses,Volume of non-revenue real water losses,573,100,4,3
incidents_of_non_compliance_water_quality,"Number of incidents of non-compliance associated with water effluent quality permits, standards, and regulations",574,4,4,3
average_retail_water_rate,"Average retail water rate for (1) residential, (2) commercial, and (3) industrial customers",575,11,4,3
monthly_water_bill_residential_customers,Typical monthly water bill for residential customers for 10 Ccf of water delivered per month,576,2,4,3
residential_customer_water_disconnections,"Number of residential customer water disconnections for non-payment, percentage reconnected within 30 days",577,8,4,3
drinking_water_violations,"Number of (1) acute health-based, (2) non-acute health-based, and (3) non-health-based drinking water violations",578,4,4,3
water_utility_revenue_from_conservation,Percentage of water utility revenue from rate structures designed to promote conservation and revenue resilience,579,3,4,3
customer_water_savings_efficiency,"Customer water savings from efficiency measures, by market",580,57,4,3
avg_sound_power_wind_turbines,"Average A-weighted sound power level of wind turbines, by wind turbine class",581,101,1,1
backlog_cancellations_community_eco,Backlog cancellations associated with community or ecological impacts,582,2,9,2
top_materials_consumed_by_weight,"Top five materials consumed, by weight",583,14,4,3
avg_top_head_mass_per_turbine,"Average top head mass per turbine capacity, by wind turbine class",584,102,1,1
num_delivered_wind_turbines,"Number of delivered wind turbines, by wind turbine class",585,4,1,1
aggregate_capacity_delivered_wind,"Aggregate capacity of delivered wind turbines, by wind turbine class",586,103,1,1
turbine_backlog_amount,Amount of turbine backlog,587,2,1,1
aggregate_capacity_turbine_backlog,Aggregate capacity of turbine backlog,588,103,1,1
